12th St. Oakland City Center,1245 Broadway, Oakland, CA, 94612
16th St. Mission (SF),2000 Mission Street, San Francisco, CA, 94110
19th St. Oakland,1900 Broadway, Oakland, CA, 94612
24th St. Mission (SF),2800 Mission Street, San Francisco, CA, 94110
Ashby (Berkeley),3100 Adeline Street, Berkeley, CA, 94703
Balboa Park (SF),401 Geneva Avenue, San Francisco, CA, 94112
Bay Fair (San Leandro),15242 Hesperian Blvd., San Leandro, CA, 94578
Castro Valley,3301 Norbridge Dr., Castro Valley, CA, 94546
Civic Center/UN Plaza (SF),1150 Market Street, San Francisco, CA, 94102
Coliseum,7200 San Leandro St., Oakland, CA, 94621
Colma,365 D Street, Colma, CA, 94014
Concord,1451 Oakland Avenue, Concord, CA, 94520
Daly City,500 John Daly Blvd., Daly City, CA, 94014
Downtown Berkeley,2160 Shattuck Avenue, Berkeley, CA, 94704
Dublin/Pleasanton,5801 Owens Dr., Pleasanton, CA, 94588
El Cerrito del Norte,6400 Cutting Blvd., El Cerrito, CA, 94530
El Cerrito Plaza,6699 Fairmount Avenue, El Cerrito, CA, 94530
Embarcadero (SF),298 Market Street, San Francisco, CA, 94111
Fremont,2000 BART Way, Fremont, CA, 94536
Fruitvale (Oakland),3401 East 12th Street, Oakland, CA, 94601
Glen Park (SF),2901 Diamond Street, San Francisco, CA, 94131
Hayward,699 B Street, Hayward, CA, 94541
Lafayette,3601 Deer Hill Road, Lafayette, CA, 94549
Lake Merritt (Oakland),800 Madison Street, Oakland, CA, 94607
MacArthur (Oakland),555 40th Street, Oakland, CA, 94609
Millbrae,200 North Rollins Road, Millbrae, CA, 94030
Montgomery St. (SF),598 Market Street, San Francisco, CA, 94104
North Berkeley,1750 Sacramento Street, Berkeley, CA, 94702
North Concord/Martinez,3700 Port Chicago Highway, Concord, CA, 94520
Oakland Int'l Airport,4 Airport Drive, Oakland, CA, 94621
Orinda,11 Camino Pablo, Orinda, CA, 94563
Pittsburg/Bay Point,1700 West Leland Road, Pittsburg, CA, 94565
Pleasant Hill/Contra Costa Centre,1365 Treat Blvd., Walnut Creek, CA, 94597
Powell St. (SF),899 Market Street, San Francisco, CA, 94102
Richmond,1700 Nevin Avenue, Richmond, CA, 94801
Rockridge (Oakland),5660 College Avenue, Oakland, CA, 94618
San Bruno,1151 Huntington Avenue, San Bruno, CA, 94066
San Francisco Int'l Airport,International Terminal, Level 3, San Francisco Intl Airport, CA, 94128
San Leandro,1401 San Leandro Blvd., San Leandro, CA, 94577
South Hayward,28601 Dixon Street, Hayward, CA, 94544
South San Francisco,1333 Mission Road, South San Francisco, CA, 94080
Union City,10 Union Square, Union City, CA, 94587
Walnut Creek,200 Ygnacio Valley Road, Walnut Creek, CA, 94596
West Dublin/Pleasanton,6501 Golden Gate Drive, Dublin, CA, 94568
West Oakland,1451 7th Street, Oakland, CA, 94607
